[
  {
    "id": 1,
    "nome": "Pina",
    "cognome": "Patrizio",
    "data_nascita": "1",
    "riconoscimenti": "",
    "inizio_attivita": "",
    "fine_attivita": "",
    "in_attivita": ""
  },
  {
    "id": 2,
    "nome": "Tiziano",
    "cognome": "Nicosia",
    "data_nascita": "2",
    "riconoscimenti": "",
    "inizio_attivita": "",
    "fine_attivita": "",
    "in_attivita": ""
  },
  {
    "id": 3,
    "nome": "Nucc",
    "cognome": "Giard",
    "data_nascita": "",
    "riconoscimenti": "",
    "inizio_attivita": "",
    "fine_attivita": "",
    "in_attivita": ""
  }
]
